<?xml version="1.0" encoding="UTF-8"?>
<project-private xmlns="http://www.netbeans.org/ns/project-private/1">
    <editor-bookmarks xmlns="http://www.netbeans.org/ns/editor-bookmarks/2" lastBookmarkId="0"/>
    <open-files xmlns="http://www.netbeans.org/ns/projectui-open-files/2">
        <group>
            <file>file:/C:/Users/ramie/OneDrive/Documents/NetBeansProjects/Trabajos-Ufidelitas/Reloj_Pared/src/reloj_pared/Relojdepared.java</file>
            <file>file:/C:/Users/ramie/OneDrive/Documents/NetBeansProjects/Trabajos-Ufidelitas/Reloj_Pared/src/reloj_pared/Reloj_Pared.java</file>
        </group>
    </open-files>
</project-private>
